{"0": 230.3832089552239, "1": 233.95932835820895, "2": 232.34825870646765, "3": 232.0286069651741, "4": 229.54440298507464, "5": 230.87910447761195, "6": 230.9886815920398, "7": 234.54664179104478, "8": 228.3422885572139, "9": 231.39691784977552, "a": 230.51106965174128, "b": 228.95920398009955, "c": 234.90796019900495, "d": 229.21405472636815, "e": 231.1981343283582, "f": 232.39203980099506, "g": 228.89776119402984, "h": 229.455223880597, "i": 236.30845771144277, "j": 234.00533915786917, "k": 228.81927860696516, "l": 234.9833333333333, "m": 228.7333333333333, "n": 231.1705223880597, "o": 232.8787313432836, "p": 228.7955223880597, "q": 228.0358208955224, "r": 235.39402985074628, "s": 231.82487562189058, "t": 235.5803907292804, "u": 232.144776119403, "v": 234.64092039800994, "w": 230.4769900497512, "x": 232.54751243781092, "y": 231.7410447761194, "z": 233.6813432835821, "A": 227.48631840796023, "B": 225.5002487562189, "C": 232.5455223880597, "D": 228.81094527363186, "E": 225.43233830845773, "F": 228.5610696517413, "G": 229.42388059701491, "H": 225.00136815920396, "I": 234.44825870646764, "J": 233.94962686567163, "K": 227.79004975124374, "L": 232.16368159203984, "M": 223.51865671641792, "N": 225.77211503458318, "O": 229.9349502487562, "P": 229.11654228855718, "Q": 226.3672885572139, "R": 226.91393034825867, "S": 229.17350746268656, "T": 230.35932835820896, "U": 230.61032338308462, "V": 231.4800995024876, "W": 226.232960199005, "X": 229.2380779031671, "Y": 230.46305970149254, "Z": 230.09179104477613, "!": 237.57388059701492, "\"": 236.57325870646767, "#": 224.91119402985075, "$": 228.67201492537313, "%": 227.58905472636815, "&": 232.07325870646764, "'": 241.17649253731344, "(": 237.29705132872223, ")": 236.3965174129353, "*": 234.13470149253732, "+": 237.2702736318408, ",": 242.10982587064677, "-": 241.32462686567163, ".": 243.18296019900495, "/": 237.05621890547263, ":": 241.00049751243782, ";": 240.84054726368163, "<": 238.85778424948427, "=": 237.9468905472637, ">": 237.54427860696515, "?": 235.7417910447761, "@": 224.40099502487564, "[": 234.6563432835821, "\\": 237.722263681592, "]": 234.75522388059701, "^": 242.3476368159204, "_": 240.1384328358209, "`": 244.4847712656231, "{": 234.97267156862745, "|": 239.4232843137255, "}": 235.12524509803922, "~": 241.62377450980395, " ": 246.04448529411764}